Name,Price,24h Change,Market Cap,Timestamp
"CoinMarketCap 20 Index DTF
CMC20
Buy",$177.20,0.16%,$6.13M,2026-10-06 10:10:04
"Bitcoin
BTC
Buy","$85,601.25",0.20%,$1.72T,2026-10-06 10:10:04
"Ethereum
ETH
Buy","$2,702.69",0.29%,$330.02B,2026-10-06 10:10:04
"Tether
USDT
Buy",$0.9996,0.01%,$184.02B,2026-10-06 10:10:04
"BNB
BNB
Buy",$781.24,0.03%,$104.02B,2026-10-06 10:10:04
"XRP
XRP
Buy",$1.50,0.33%,$94.64B,2026-10-06 10:10:04
"USDC
USDC
Buy",$0.9998,0.00%,$74.26B,2026-10-06 10:10:04
"Solana
SOL
Buy",$120.23,0.31%,$70.74B,2026-10-06 10:10:04
"TRON
TRX
Buy",$0.3357,0.08%,$31.89B,2026-10-06 10:10:04
"Hyperliquid
HYPE
Buy",$93.42,0.34%,$23.41B,2026-10-06 10:10:04
"CoinMarketCap 20 Index DTF
CMC20
Buy",$177.20,0.16%,$6.13M,2026-10-06 10:11:23
"Bitcoin
BTC
Buy","$85,590.90",0.24%,$1.71T,2026-10-06 10:11:23
"Ethereum
ETH
Buy","$2,702.23",0.31%,$329.97B,2026-10-06 10:11:23
"Tether
USDT
Buy",$0.9996,0.01%,$184.01B,2026-10-06 10:11:23
"BNB
BNB
Buy",$781.22,0.03%,$104.02B,2026-10-06 10:11:23
"XRP
XRP
Buy",$1.50,0.38%,$94.64B,2026-10-06 10:11:23
"USDC
USDC
Buy",$0.9998,0.00%,$74.26B,2026-10-06 10:11:23
"Solana
SOL
Buy",$120.24,0.37%,$70.74B,2026-10-06 10:11:23
"TRON
TRX
Buy",$0.3357,0.08%,$31.89B,2026-10-06 10:11:23
"Hyperliquid
HYPE
Buy",$93.42,0.34%,$23.41B,2026-10-06 10:11:23
"CoinMarketCap 20 Index DTF
CMC20
Buy",$177.14,0.13%,$6.13M,2026-10-06 10:12:40
"Bitcoin
BTC
Buy","$85,589.65",0.22%,$1.71T,2026-10-06 10:12:40
"Ethereum
ETH
Buy","$2,701.87",0.29%,$329.92B,2026-10-06 10:12:40
"Tether
USDT
Buy",$0.9996,0.00%,$184.02B,2026-10-06 10:12:40
"BNB
BNB
Buy",$781.22,0.06%,$104.02B,2026-10-06 10:12:40
"XRP
XRP
Buy",$1.50,0.33%,$94.64B,2026-10-06 10:12:40
"USDC
USDC
Buy",$0.9998,0.00%,$74.26B,2026-10-06 10:12:40
"Solana
SOL
Buy",$120.26,0.38%,$70.76B,2026-10-06 10:12:40
"TRON
TRX
Buy",$0.3357,0.08%,$31.89B,2026-10-06 10:12:40
"Hyperliquid
HYPE
Buy",$93.42,0.34%,$23.41B,2026-10-06 10:12:40
"CoinMarketCap 20 Index DTF
CMC20
Buy",$177.10,0.11%,$6.13M,2026-10-06 10:13:54
"Bitcoin
BTC
Buy","$85,586.77",0.23%,$1.72T,2026-10-06 10:13:54
"Ethereum
ETH
Buy","$2,702.69",0.33%,$330.02B,2026-10-06 10:13:54
"Tether
USDT
Buy",$0.9996,0.01%,$184.01B,2026-10-06 10:13:54
"BNB
BNB
Buy",$781.20,0.06%,$104.02B,2026-10-06 10:13:54
"XRP
XRP
Buy",$1.50,0.34%,$94.64B,2026-10-06 10:13:54
"USDC
USDC
Buy",$0.9997,0.00%,$74.25B,2026-10-06 10:13:54
"Solana
SOL
Buy",$120.25,0.28%,$70.75B,2026-10-06 10:13:54
"TRON
TRX
Buy",$0.3360,0.14%,$31.91B,2026-10-06 10:13:54
"Hyperliquid
HYPE
Buy",$93.39,0.33%,$23.4B,2026-10-06 10:13:54
"CoinMarketCap 20 Index DTF
CMC20
Buy",$177.14,0.13%,$6.13M,2026-10-06 10:15:08
"Bitcoin
BTC
Buy","$85,572.35",0.14%,$1.71T,2026-10-06 10:15:08
"Ethereum
ETH
Buy","$2,701.90",0.20%,$329.93B,2026-10-06 10:15:08
"Tether
USDT
Buy",$0.9996,0.01%,$184.01B,2026-10-06 10:15:08
"BNB
BNB
Buy",$781.21,0.05%,$104.02B,2026-10-06 10:15:08
"XRP
XRP
Buy",$1.50,0.34%,$94.64B,2026-10-06 10:15:08
"USDC
USDC
Buy",$0.9998,0.00%,$74.26B,2026-10-06 10:15:08
"Solana
SOL
Buy",$120.25,0.38%,$70.75B,2026-10-06 10:15:08
"TRON
TRX
Buy",$0.3360,0.14%,$31.91B,2026-10-06 10:15:08
"Hyperliquid
HYPE
Buy",$93.39,0.33%,$23.4B,2026-10-06 10:15:08
"CoinMarketCap 20 Index DTF
CMC20
Buy",$177.10,0.11%,$6.13M,2026-10-06 10:16:20
"Bitcoin
BTC
Buy","$85,575.29",0.15%,$1.71T,2026-10-06 10:16:20
"Ethereum
ETH
Buy","$2,701.81",0.20%,$329.92B,2026-10-06 10:16:20
"Tether
USDT
Buy",$0.9996,0.01%,$184.02B,2026-10-06 10:16:20
"BNB
BNB
Buy",$781.29,0.06%,$104.03B,2026-10-06 10:16:20
"XRP
XRP
Buy",$1.49,0.27%,$94.63B,2026-10-06 10:16:20
"USDC
USDC
Buy",$0.9998,0.00%,$74.29B,2026-10-06 10:16:20
"Solana
SOL
Buy",$120.25,0.38%,$70.75B,2026-10-06 10:16:20
"TRON
TRX
Buy",$0.3360,0.14%,$31.91B,2026-10-06 10:16:20
"Hyperliquid
HYPE
Buy",$93.39,0.33%,$23.4B,2026-10-06 10:16:20
"CoinMarketCap 20 Index DTF
CMC20
Buy",$177.13,0.12%,$6.13M,2026-10-06 10:17:36
"Bitcoin
BTC
Buy","$85,559.09",0.11%,$1.71T,2026-10-06 10:17:36
"Ethereum
ETH
Buy","$2,700.86",0.14%,$329.8B,2026-10-06 10:17:36
"Tether
USDT
Buy",$0.9996,0.01%,$184.01B,2026-10-06 10:17:36
"BNB
BNB
Buy",$781.25,0.05%,$104.03B,2026-10-06 10:17:36
"XRP
XRP
Buy",$1.50,0.34%,$94.64B,2026-10-06 10:17:36
"USDC
USDC
Buy",$0.9997,0.02%,$74.25B,2026-10-06 10:17:36
"Solana
SOL
Buy",$120.23,0.35%,$70.74B,2026-10-06 10:17:36
"TRON
TRX
Buy",$0.3360,0.14%,$31.91B,2026-10-06 10:17:36
"Hyperliquid
HYPE
Buy",$93.39,0.33%,$23.4B,2026-10-06 10:17:36
"CoinMarketCap 20 Index DTF
CMC20
Buy",$177.10,0.11%,$6.13M,2026-10-06 10:18:49
"Bitcoin
BTC
Buy","$85,549.39",0.16%,$1.71T,2026-10-06 10:18:49
"Ethereum
ETH
Buy","$2,700.55",0.24%,$329.76B,2026-10-06 10:18:49
"Tether
USDT
Buy",$0.9996,0.01%,$184.02B,2026-10-06 10:18:49
"BNB
BNB
Buy",$781.21,0.06%,$104.02B,2026-10-06 10:18:49
"XRP
XRP
Buy",$1.49,0.34%,$94.58B,2026-10-06 10:18:49
"USDC
USDC
Buy",$0.9998,0.00%,$74.29B,2026-10-06 10:18:49
"Solana
SOL
Buy",$120.20,0.28%,$70.72B,2026-10-06 10:18:49
"TRON
TRX
Buy",$0.3360,0.14%,$31.91B,2026-10-06 10:18:49
"Hyperliquid
HYPE
Buy",$93.39,0.33%,$23.4B,2026-10-06 10:18:49
"CoinMarketCap 20 Index DTF
CMC20
Buy",$177.14,0.13%,$6.13M,2026-10-06 10:20:02
"Bitcoin
BTC
Buy","$85,565.13",0.11%,$1.71T,2026-10-06 10:20:02
"Ethereum
ETH
Buy","$2,702.16",0.21%,$329.93B,2026-10-06 10:20:02
"Tether
USDT
Buy",$0.9996,0.01%,$184.02B,2026-10-06 10:20:02
"BNB
BNB
Buy",$781.21,0.06%,$104.02B,2026-10-06 10:20:02
"XRP
XRP
Buy",$1.50,0.36%,$94.64B,2026-10-06 10:20:02
"USDC
USDC
Buy",$0.9998,0.00%,$74.26B,2026-10-06 10:20:02
"Solana
SOL
Buy",$120.24,0.37%,$70.75B,2026-10-06 10:20:02
"TRON
TRX
Buy",$0.3359,0.13%,$31.91B,2026-10-06 10:20:02
"Hyperliquid
HYPE
Buy",$93.39,0.23%,$23.4B,2026-10-06 10:20:02
"CoinMarketCap 20 Index DTF
CMC20
Buy",$177.19,0.10%,$6.13M,2026-10-06 10:21:20
"Bitcoin
BTC
Buy","$85,552.27",0.04%,$1.71T,2026-10-06 10:21:20
"Ethereum
ETH
Buy","$2,700.62",0.08%,$329.77B,2026-10-06 10:21:20
"Tether
USDT
Buy",$0.9996,0.01%,$184.02B,2026-10-06 10:21:20
"BNB
BNB
Buy",$781.19,0.06%,$104.02B,2026-10-06 10:21:20
"XRP
XRP
Buy",$1.49,0.13%,$94.57B,2026-10-06 10:21:20
"USDC
USDC
Buy",$0.9998,0.01%,$74.29B,2026-10-06 10:21:20
"Solana
SOL
Buy",$120.18,0.18%,$70.71B,2026-10-06 10:21:20
"TRON
TRX
Buy",$0.3359,0.13%,$31.91B,2026-10-06 10:21:20
"Hyperliquid
HYPE
Buy",$93.39,0.23%,$23.4B,2026-10-06 10:21:20
"CoinMarketCap 20 Index DTF
CMC20
Buy",$177.23,0.08%,$6.14M,2026-10-06 10:36:16
"Bitcoin
BTC
Buy","$85,569.35",0.10%,$1.71T,2026-10-06 10:36:16
"Ethereum
ETH
Buy","$2,701.55",0.10%,$329.88B,2026-10-06 10:36:16
"Tether
USDT
Buy",$0.9996,0.00%,$184.02B,2026-10-06 10:36:16
"BNB
BNB
Buy",$781.12,0.03%,$104.01B,2026-10-06 10:36:16
"XRP
XRP
Buy",$1.49,0.08%,$94.57B,2026-10-06 10:36:16
"USDC
USDC
Buy",$0.9998,0.00%,$74.29B,2026-10-06 10:36:16
"Solana
SOL
Buy",$120.14,0.10%,$70.69B,2026-10-06 10:36:16
"TRON
TRX
Buy",$0.3362,0.22%,$31.94B,2026-10-06 10:36:16
"Hyperliquid
HYPE
Buy",$93.31,0.01%,$23.38B,2026-10-06 10:36:16
"CoinMarketCap 20 Index DTF
CMC20
Buy",$177.24,0.12%,$6.14M,2026-10-06 10:37:38
"Bitcoin
BTC
Buy","$85,638.02",0.09%,$1.72T,2026-10-06 10:37:38
"Ethereum
ETH
Buy","$2,702.89",0.11%,$330.05B,2026-10-06 10:37:38
"Tether
USDT
Buy",$0.9996,0.00%,$184.02B,2026-10-06 10:37:38
"BNB
BNB
Buy",$781.35,0.03%,$104.04B,2026-10-06 10:37:38
"XRP
XRP
Buy",$1.50,0.12%,$94.68B,2026-10-06 10:37:38
"USDC
USDC
Buy",$0.9999,0.00%,$74.29B,2026-10-06 10:37:38
"Solana
SOL
Buy",$120.09,0.01%,$70.66B,2026-10-06 10:37:38
"TRON
TRX
Buy",$0.3362,0.22%,$31.94B,2026-10-06 10:37:38
"Hyperliquid
HYPE
Buy",$93.31,0.01%,$23.38B,2026-10-06 10:37:38
"CoinMarketCap 20 Index DTF
CMC20
Buy",$177.31,0.15%,$6.14M,2026-10-06 10:38:51
"Bitcoin
BTC
Buy","$85,690.79",0.11%,$1.72T,2026-10-06 10:38:51
"Ethereum
ETH
Buy","$2,704.51",0.13%,$330.24B,2026-10-06 10:38:51
"Tether
USDT
Buy",$0.9996,0.00%,$184.02B,2026-10-06 10:38:51
"BNB
BNB
Buy",$781.12,0.03%,$104.01B,2026-10-06 10:38:51
"XRP
XRP
Buy",$1.49,0.08%,$94.57B,2026-10-06 10:38:51
"USDC
USDC
Buy",$0.9998,0.00%,$74.29B,2026-10-06 10:38:51
"Solana
SOL
Buy",$120.12,0.03%,$70.68B,2026-10-06 10:38:51
"TRON
TRX
Buy",$0.3362,0.22%,$31.94B,2026-10-06 10:38:51
"Hyperliquid
HYPE
Buy",$93.31,0.01%,$23.38B,2026-10-06 10:38:51
"CoinMarketCap 20 Index DTF
CMC20
Buy",$177.23,0.11%,$6.14M,2026-10-06 10:40:04
"Bitcoin
BTC
Buy","$85,694.04",0.14%,$1.72T,2026-10-06 10:40:04
"Ethereum
ETH
Buy","$2,704.84",0.05%,$330.28B,2026-10-06 10:40:04
"Tether
USDT
Buy",$0.9996,0.00%,$184.02B,2026-10-06 10:40:04
"BNB
BNB
Buy",$781.87,0.01%,$104.11B,2026-10-06 10:40:04
"XRP
XRP
Buy",$1.50,0.27%,$94.86B,2026-10-06 10:40:04
"USDC
USDC
Buy",$0.9998,0.01%,$74.29B,2026-10-06 10:40:04
"Solana
SOL
Buy",$120.19,0.05%,$70.72B,2026-10-06 10:40:04
"TRON
TRX
Buy",$0.3363,0.23%,$31.94B,2026-10-06 10:40:04
"Hyperliquid
HYPE
Buy",$93.26,0.09%,$23.37B,2026-10-06 10:40:04
"CoinMarketCap 20 Index DTF
CMC20
Buy",$177.23,0.11%,$6.14M,2026-10-06 10:41:17
"Bitcoin
BTC
Buy","$85,598.79",0.04%,$1.71T,2026-10-06 10:41:17
"Ethereum
ETH
Buy","$2,700.40",0.05%,$329.75B,2026-10-06 10:41:17
"Tether
USDT
Buy",$0.9996,0.00%,$184.02B,2026-10-06 10:41:17
"BNB
BNB
Buy",$781.00,0.01%,$103.99B,2026-10-06 10:41:17
"XRP
XRP
Buy",$1.49,0.08%,$94.58B,2026-10-06 10:41:17
"USDC
USDC
Buy",$0.9998,0.01%,$74.29B,2026-10-06 10:41:17
"Solana
SOL
Buy",$120.07,0.05%,$70.64B,2026-10-06 10:41:17
"TRON
TRX
Buy",$0.3363,0.23%,$31.94B,2026-10-06 10:41:17
"Hyperliquid
HYPE
Buy",$93.26,0.09%,$23.37B,2026-10-06 10:41:17
"CoinMarketCap 20 Index DTF
CMC20
Buy",$177.23,0.11%,$6.14M,2026-10-06 10:42:30
"Bitcoin
BTC
Buy","$85,696.82",0.04%,$1.72T,2026-10-06 10:42:30
"Ethereum
ETH
Buy","$2,705.01",0.05%,$330.31B,2026-10-06 10:42:30
"Tether
USDT
Buy",$0.9996,0.00%,$184.02B,2026-10-06 10:42:30
"BNB
BNB
Buy",$781.00,0.01%,$103.99B,2026-10-06 10:42:30
"XRP
XRP
Buy",$1.49,0.08%,$94.58B,2026-10-06 10:42:30
"USDC
USDC
Buy",$0.9998,0.01%,$74.29B,2026-10-06 10:42:30
"Solana
SOL
Buy",$120.07,0.05%,$70.64B,2026-10-06 10:42:30
"TRON
TRX
Buy",$0.3363,0.23%,$31.94B,2026-10-06 10:42:30
"Hyperliquid
HYPE
Buy",$93.26,0.09%,$23.37B,2026-10-06 10:42:30
"CoinMarketCap 20 Index DTF
CMC20
Buy",$177.25,0.05%,$6.14M,2026-10-06 10:43:43
"Bitcoin
BTC
Buy","$85,698.38",0.15%,$1.72T,2026-10-06 10:43:43
"Ethereum
ETH
Buy","$2,703.89",0.14%,$330.17B,2026-10-06 10:43:43
"Tether
USDT
Buy",$0.9996,0.00%,$184.02B,2026-10-06 10:43:43
"BNB
BNB
Buy",$782.16,0.03%,$104.15B,2026-10-06 10:43:43
"XRP
XRP
Buy",$1.50,0.15%,$95.09B,2026-10-06 10:43:43
"USDC
USDC
Buy",$0.9998,0.01%,$74.29B,2026-10-06 10:43:43
"Solana
SOL
Buy",$120.19,0.03%,$70.72B,2026-10-06 10:43:43
"TRON
TRX
Buy",$0.3363,0.18%,$31.95B,2026-10-06 10:43:43
"Hyperliquid
HYPE
Buy",$93.38,0.17%,$23.4B,2026-10-06 10:43:43
"CoinMarketCap 20 Index DTF
CMC20
Buy",$177.25,0.05%,$6.14M,2026-10-06 10:44:57
"Bitcoin
BTC
Buy","$85,697.74",0.15%,$1.72T,2026-10-06 10:44:57
"Ethereum
ETH
Buy","$2,704.58",0.14%,$330.25B,2026-10-06 10:44:57
"Tether
USDT
Buy",$0.9996,0.00%,$184.02B,2026-10-06 10:44:57
"BNB
BNB
Buy",$781.43,0.03%,$104.05B,2026-10-06 10:44:57
"XRP
XRP
Buy",$1.50,0.15%,$94.72B,2026-10-06 10:44:57
"USDC
USDC
Buy",$0.9998,0.01%,$74.29B,2026-10-06 10:44:57
"Solana
SOL
Buy",$120.12,0.03%,$70.68B,2026-10-06 10:44:57
"TRON
TRX
Buy",$0.3363,0.18%,$31.95B,2026-10-06 10:44:57
"Hyperliquid
HYPE
Buy",$93.38,0.17%,$23.4B,2026-10-06 10:44:57
"CoinMarketCap 20 Index DTF
CMC20
Buy",$177.25,0.05%,$6.14M,2026-10-06 10:46:10
"Bitcoin
BTC
Buy","$85,655.53",0.16%,$1.72T,2026-10-06 10:46:10
"Ethereum
ETH
Buy","$2,702.51",0.13%,$330B,2026-10-06 10:46:10
"Tether
USDT
Buy",$0.9996,0.00%,$184.02B,2026-10-06 10:46:10
"BNB
BNB
Buy",$781.43,0.03%,$104.05B,2026-10-06 10:46:10
"XRP
XRP
Buy",$1.50,0.15%,$94.72B,2026-10-06 10:46:10
"USDC
USDC
Buy",$0.9998,0.01%,$74.29B,2026-10-06 10:46:10
"Solana
SOL
Buy",$120.12,0.03%,$70.68B,2026-10-06 10:46:10
"TRON
TRX
Buy",$0.3363,0.18%,$31.95B,2026-10-06 10:46:10
"Hyperliquid
HYPE
Buy",$93.38,0.17%,$23.4B,2026-10-06 10:46:10
"CoinMarketCap 20 Index DTF
CMC20
Buy",$177.35,0.05%,$6.14M,2026-10-06 10:49:21
"Bitcoin
BTC
Buy","$85,652.33",0.08%,$1.72T,2026-10-06 10:49:21
"Ethereum
ETH
Buy","$2,702.17",0.02%,$329.96B,2026-10-06 10:49:21
"Tether
USDT
Buy",$0.9996,0.00%,$184.02B,2026-10-06 10:49:21
"BNB
BNB
Buy",$781.43,0.03%,$104.05B,2026-10-06 10:49:21
"XRP
XRP
Buy",$1.50,0.35%,$94.96B,2026-10-06 10:49:21
"USDC
USDC
Buy",$0.9998,0.00%,$74.29B,2026-10-06 10:49:21
"Solana
SOL
Buy",$120.07,0.08%,$70.64B,2026-10-06 10:49:21
"TRON
TRX
Buy",$0.3363,0.18%,$31.95B,2026-10-06 10:49:21
"Hyperliquid
HYPE
Buy",$93.38,0.17%,$23.4B,2026-10-06 10:49:21
"CoinMarketCap 20 Index DTF
CMC20
Buy",$177.32,0.10%,$6.14M,2026-10-06 10:50:34
"Bitcoin
BTC
Buy","$85,653.84",0.10%,$1.72T,2026-10-06 10:50:34
"Ethereum
ETH
Buy","$2,702.02",0.01%,$329.94B,2026-10-06 10:50:34
"Tether
USDT
Buy",$0.9996,0.00%,$184.02B,2026-10-06 10:50:34
"BNB
BNB
Buy",$782.20,0.06%,$104.15B,2026-10-06 10:50:34
"XRP
XRP
Buy",$1.50,0.35%,$94.96B,2026-10-06 10:50:34
"USDC
USDC
Buy",$0.9998,0.00%,$74.22B,2026-10-06 10:50:34
"Solana
SOL
Buy",$120.06,0.07%,$70.64B,2026-10-06 10:50:34
"TRON
TRX
Buy",$0.3364,0.19%,$31.95B,2026-10-06 10:50:34
"Hyperliquid
HYPE
Buy",$93.41,0.25%,$23.41B,2026-10-06 10:50:34
